ID,Title,Description,Release Date,Director
2,The Godfather,Description du film,,Francis Ford Coppola
3,The Godfather2,Description du film,,Francis Ford Coppola
4,The Godfather modifié une troisième fois,Description du film,,Francis Ford Coppola
5,The Godfather2,Description du film,,Francis Ford Coppola
6,The Godfather2,Description du film,,Francis Ford Coppola
7,The Godfather2,Description du film,,Francis Ford Coppola
8,The Godfather2,Description du film,,Francis Ford Coppola
9,The Godfather2,Description du film,,Francis Ford Coppola
10,The Godfather2,Description du film,,Francis Ford Coppola
11,The Godfather2,Description du film,,Francis Ford Coppola
12,The Godfather2,Description du film,,Francis Ford Coppola
13,The Godfather2,Description du film,,Francis Ford Coppola
14,The Godfather2,Description du film,,Francis Ford Coppola
15,The Godfather2,Description du film,,Francis Ford Coppola
16,The Godfather2,Description du film,,Francis Ford Coppola
17,The Godfather2,Description du film,,Francis Ford Coppola
18,The Godfather2,Description du film,,Francis Ford Coppola
19,The Godfather2,Description du film,,Francis Ford Coppola
20,The Godfather2,Description du film,,Francis Ford Coppola
21,The Godfather2,Description du film,,Francis Ford Coppola
22,The Godfather2,Description du film,,Francis Ford Coppola
23,The Godfather2,Description du film,,Francis Ford Coppola
24,The Godfather2,Description du film,,Francis Ford Coppola
25,The Godfather2,Description du film,,Francis Ford Coppola
